-- Script para poblar la tabla CULTIVOS con datos del CSV original
-- Este script inserta los datos básicos de los cultivos

INSERT INTO cultivos (id_cultivo, nombre, nombre_cientifico, descripcion, tipo, ciclo_dias, densidad_siembra, imagen) VALUES
(1, 'Maíz', 'Zea mays', 'Cereal básico de la alimentación colombiana, cultivado tanto por pequeños agricultores como por medianos productores tecnificados.', 'Cereal', 120, '50,000-60,000 plantas/ha', 'maiz.jpg'),
(2, 'Arroz', 'Oryza sativa', 'Cereal fundamental en la dieta colombiana, cultivado principalmente en sistemas de riego y secano.', 'Cereal', 130, '160-200 kg semilla/ha', 'arroz.jpg'),
(3, 'Trigo', 'Triticum aestivum', 'Cereal de clima frío, cultivado principalmente en el altiplano Cundiboyacense y Nariño.', 'Cereal', 165, '100-150 kg semilla/ha', 'trigo.jpg'),
(4, 'Cebada', 'Hordeum vulgare', 'Cereal utilizado principalmente para la industria cervecera y como forraje.', 'Cereal', 150, '100-120 kg semilla/ha', 'cebada.jpg'),
(5, 'Sorgo', 'Sorghum bicolor', 'Cereal resistente a la sequía, utilizado principalmente para alimentación animal.', 'Cereal', 130, '120,000-160,000 plantas/ha', 'sorgo.jpg'),
(6, 'Quinua', 'Chenopodium quinoa', 'Pseudocereal andino de alto valor nutricional, cultivado principalmente en zonas altas.', 'Pseudocereal', 165, '200,000 plantas/ha', 'quinua.jpg'),
(7, 'Fríjol', 'Phaseolus vulgaris', 'Leguminosa de gran importancia en la dieta colombiana, cultivada en diversos sistemas productivos.', 'Leguminosa', 105, '100,000-120,000 plantas/ha', 'frijol.jpg'),
(8, 'Soya', 'Glycine max', 'Leguminosa oleaginosa utilizada para la producción de aceite y alimento animal.', 'Leguminosa', 110, '400,000 plantas/ha', 'soya.jpg'),
(9, 'Arveja', 'Pisum sativum', 'Leguminosa de clima frío, consumida principalmente en fresco.', 'Leguminosa', 135, '200,000-300,000 plantas/ha', 'arveja.jpg'),
(10, 'Garbanzo', 'Cicer arietinum', 'Leguminosa de clima seco, poco cultivada en Colombia pero con potencial.', 'Leguminosa', 150, '250,000-300,000 plantas/ha', 'garbanzo.jpg'),
(11, 'Lenteja', 'Lens culinaris', 'Leguminosa de clima templado seco, con producción muy limitada en Colombia.', 'Leguminosa', 125, '250,000-350,000 plantas/ha', 'lenteja.jpg'),
(12, 'Papa', 'Solanum tuberosum', 'Tubérculo fundamental en la dieta de la región andina colombiana.', 'Tubérculo', 150, '40,000-50,000 plantas/ha', 'papa.jpg'),
(13, 'Yuca', 'Manihot esculenta', 'Tubérculo tropical de gran importancia en la alimentación y la industria.', 'Tubérculo', 300, '10,000-12,000 plantas/ha', 'yuca.jpg'),
(14, 'Batata', 'Ipomoea batatas', 'Tubérculo tropical con potencial nutricional y comercial.', 'Tubérculo', 165, '33,000-40,000 plantas/ha', 'batata.jpg'),
(15, 'Ñame', 'Dioscorea spp.', 'Tubérculo tropical tradicional de la región Caribe colombiana.', 'Tubérculo', 270, '10,000-15,000 plantas/ha', 'name.jpg'),
(16, 'Arracacha', 'Arracacia xanthorrhiza', 'Raíz andina tradicional utilizada en la gastronomía colombiana.', 'Raíz', 330, '40,000-50,000 plantas/ha', 'arracacha.jpg'),
(17, 'Achira', 'Canna indica', 'Planta de rizoma harinoso utilizada tradicionalmente para la producción de almidón.', 'Rizoma', 330, '20,000-30,000 plantas/ha', 'achira.jpg'),
(18, 'Banano', 'Musa paradisiaca', 'Fruta tropical de gran importancia para la exportación colombiana.', 'Frutal', 365, '1,600-2,000 plantas/ha', 'banano.jpg'),
(19, 'Plátano', 'Musa paradisiaca var.', 'Musácea fundamental en la dieta colombiana, cultivada en diversos sistemas.', 'Frutal', 300, '1,000-1,200 plantas/ha', 'platano.jpg'),
(20, 'Mango', 'Mangifera indica', 'Frutal tropical con diversas variedades cultivadas en Colombia.', 'Frutal', 1095, '100 árboles/ha', 'mango.jpg'),
(21, 'Papaya', 'Carica papaya', 'Frutal tropical de ciclo corto y alta producción.', 'Frutal', 270, '10,000 plantas/ha', 'papaya.jpg'),
(22, 'Piña', 'Ananas comosus', 'Frutal tropical con potencial de exportación.', 'Frutal', 480, '50,000-60,000 plantas/ha', 'pina.jpg'),
(23, 'Naranja', 'Citrus sinensis', 'Cítrico ampliamente cultivado en zonas de clima medio.', 'Frutal', 1095, '400-500 árboles/ha', 'naranja.jpg'),
(24, 'Limón Tahití', 'Citrus latifolia', 'Cítrico con gran potencial de exportación.', 'Frutal', 1095, '400-500 árboles/ha', 'limon.jpg'),
(25, 'Gulupa', 'Passiflora edulis var. edulis', 'Fruta de la pasión púrpura con alto valor en mercados de exportación.', 'Frutal', 1825, '800-1,000 plantas/ha', 'gulupa.jpg'),
(26, 'Curuba', 'Passiflora mollissima', 'Fruta andina tradicional de la familia de las pasifloráceas.', 'Frutal', 1095, '1,089 plantas/ha', 'curuba.jpg'),
(27, 'Tomate de árbol', 'Solanum betaceum', 'Frutal andino de importancia en la economía campesina.', 'Frutal', 730, '10,000-12,000 plantas/ha', 'tomate_arbol.jpg'),
(28, 'Lulo', 'Solanum quitoense', 'Frutal andino apreciado por su sabor para jugos.', 'Frutal', 1095, '5,000-8,000 plantas/ha', 'lulo.jpg'),
(29, 'Mora', 'Rubus glaucus', 'Frutal de clima frío con buena demanda en el mercado nacional.', 'Frutal', 730, '100,000 plantas/ha', 'mora.jpg'),
(30, 'Fresa', 'Fragaria x ananassa', 'Frutal de clima frío cultivado principalmente bajo cubierta.', 'Frutal', 365, '1,472 plantas/ha', 'fresa.jpg'),
(31, 'Uchuva', 'Physalis peruviana', 'Frutal andino con gran potencial de exportación.', 'Frutal', 730, '10,000-15,000 plantas/ha', 'uchuva.jpg'),
(32, 'Arándano', 'Vaccinium corymbosum', 'Frutal de clima frío con creciente demanda internacional.', 'Frutal', 1825, '5,000 plantas/ha', 'arandano.jpg'),
(33, 'Café', 'Coffea arabica', 'Cultivo emblemático de Colombia, base de la economía agrícola en muchas regiones.', 'Estimulante', 1095, '625-1,100 plantas/ha', 'cafe.jpg'),
(34, 'Cacao', 'Theobroma cacao', 'Cultivo tropical con creciente importancia en la economía agrícola colombiana.', 'Estimulante', 1825, '1,100 plantas/ha', 'cacao.jpg'),
(35, 'Caña de azúcar', 'Saccharum officinarum', 'Cultivo agroindustrial para la producción de azúcar y panela.', 'Industrial', 365, '15,000 plantas/ha', 'cana_azucar.jpg'),
(36, 'Palma de aceite', 'Elaeis guineensis', 'Cultivo oleaginoso de gran expansión en Colombia.', 'Oleaginosa', 1825, '143 palmas/ha', 'palma_aceite.jpg');

-- Insertar datos en la tabla CONDICIONES
INSERT INTO condiciones (id_condicion, id_cultivo, temp_min, temp_max, precipitacion_min, precipitacion_max, tipo_suelo, ph_min, ph_max, altitud_min, altitud_max) VALUES
(1, 1, 24, 30, 800, 1500, 'Franco, bien drenado', 5.5, 7.0, 0, 2700),
(2, 2, 28, 34, 1500, 2500, 'Arcilloso a franco', 5.5, 6.5, 0, 1300),
(3, 3, 12, 18, 800, 1250, 'Franco arcilloso', 5.5, 7.0, 2000, 3000),
(4, 4, 10, 18, 700, 1200, 'Franco', 5.5, 7.0, 1800, 3000),
(5, 5, 26, 32, 500, 800, 'Suelo ligero', 5.5, 7.0, 0, 500),
(6, 6, 15, 20, 600, 800, 'Franco arenoso', 6.0, 7.5, 2000, 3000),
(7, 7, 18, 26, 800, 1200, 'Franco, buen drenaje', 5.5, 6.5, 1000, 2100),
(8, 8, 24, 30, 1000, 1500, 'Franco limoso', 5.5, 6.5, 0, 500),
(9, 9, 14, 20, 800, 1000, 'Suelo suelto', 5.5, 7.0, 2000, 2800),
(10, 10, 18, 28, 500, 800, 'Franco arenoso', 6.0, 7.5, 1000, 2000),
(11, 11, 15, 25, 300, 600, 'Franco arcilloso', 6.0, 7.0, 1500, 2000),
(12, 12, 12, 18, 700, 1200, 'Franco volcánico', 5.0, 6.5, 2500, 3400),
(13, 13, 24, 30, 1000, 2000, 'Franco arcilloso', 5.5, 6.5, 0, 1200),
(14, 14, 24, 30, 1000, 1500, 'Suelo suelto', 5.5, 6.5, 0, 800),
(15, 15, 25, 30, 1200, 2000, 'Franco arcilloso', 5.5, 6.0, 0, 300),
(16, 16, 16, 22, 1000, 1500, 'Suelo profundo', 5.5, 6.5, 1800, 2600),
(17, 17, 18, 25, 1500, 2000, 'Franco arcilloso', 5.5, 6.5, 1500, 2300),
(18, 18, 25, 30, 2000, 3000, 'Franco limoso', 5.5, 7.0, 0, 1200),
(19, 19, 24, 28, 2000, 3000, 'Franco', 5.5, 7.0, 0, 1400),
(20, 20, 24, 30, 1000, 1500, 'Franco arcilloso profundo', 6.0, 7.0, 0, 800),
(21, 21, 25, 28, 1500, 2000, 'Suelo ligero, bien drenado', 6.0, 7.0, 0, 1200),
(22, 22, 20, 28, 1000, 1500, 'Arenoso-franco, buen drenaje', 4.5, 5.5, 0, 1500),
(23, 23, 24, 30, 1000, 1800, 'Franco, buen drenaje', 5.5, 6.5, 300, 1300),
(24, 24, 24, 30, 1000, 1800, 'Franco, buen drenaje', 5.5, 6.5, 300, 1300),
(25, 25, 12, 18, 1500, 1800, 'Franco arcilloso', 5.5, 6.5, 2000, 2700),
(26, 26, 14, 19, 1500, 2000, 'Franco, fértil', 5.5, 6.0, 2000, 3000),
(27, 27, 16, 22, 1500, 2400, 'Franco arcilloso con materia orgánica', 5.5, 6.5, 1500, 2500),
(28, 28, 12, 18, 1000, 2000, 'Franco', 5.0, 6.0, 1200, 2200),
(29, 29, 13, 18, 600, 1000, 'Franco arenoso, bien drenado', 5.5, 6.5, 1800, 3000),
(30, 30, 8, 14, 600, 800, 'Suelo neutro, bien drenado', 6.0, 7.0, 1800, 2800),
(31, 31, 13, 18, 800, 1000, 'Ácido (turba)', 4.5, 5.5, 2000, 3200),
(32, 32, 17, 21, 1000, 2000, 'Franco volcánico', 4.5, 5.5, 2400, 3000),
(33, 33, 18, 22, 1800, 2500, 'Franco arcilloso', 5.5, 6.5, 1200, 2000),
(34, 34, 23, 28, 1500, 2500, 'Franco arcilloso', 5.5, 6.5, 0, 1200),
(35, 35, 24, 30, 1500, 2000, 'Franco arcilloso', 5.5, 7.5, 0, 1600),
(36, 36, 24, 30, 2000, 3000, 'Franco arcilloso', 4.5, 6.0, 0, 500);

-- Insertar datos en la tabla ZONAS
INSERT INTO zonas (id_zona, nombre, departamento, altitud_min, altitud_max, temp_promedio, precipitacion) VALUES
(1, 'Llanos Orientales', 'Meta', 200, 500, 27.0, 2500),
(2, 'Costa Caribe', 'Córdoba', 0, 200, 28.0, 1500),
(3, 'Altiplano Cundiboyacense', 'Cundinamarca', 2500, 3000, 14.0, 800),
(4, 'Zona Cafetera', 'Caldas', 1200, 1800, 21.0, 2200),
(5, 'Valle del Cauca', 'Valle del Cauca', 900, 1500, 24.0, 1800),
(6, 'Urabá Antioqueño', 'Antioquia', 0, 200, 28.0, 2800),
(7, 'Oriente Antioqueño', 'Antioquia', 2000, 2600, 16.0, 2000),
(8, 'Suroeste Antioqueño', 'Antioquia', 1200, 1800, 21.0, 2200),
(9, 'Norte de Santander', 'Norte de Santander', 1000, 2000, 20.0, 1500),
(10, 'Nariño', 'Nariño', 2500, 3200, 13.0, 900);

-- Insertar datos en la tabla CULTIVO_ZONA
INSERT INTO cultivo_zona (id_cultivo, id_zona, rendimiento, rentabilidad, popularidad) VALUES
(1, 1, 3.5, 'Media', 8),
(1, 2, 3.0, 'Media', 7),
(2, 1, 5.5, 'Media', 9),
(2, 2, 5.0, 'Media', 8),
(3, 3, 2.5, 'Baja', 5),
(4, 3, 2.0, 'Baja', 4),
(5, 2, 3.0, 'Baja', 5),
(6, 3, 1.2, 'Alta', 6),
(7, 4, 1.5, 'Moderada', 7),
(7, 8, 1.2, 'Moderada', 8),
(8, 1, 2.2, 'Baja', 6),
(9, 3, 4.5, 'Alta', 7),
(12, 3, 20.0, 'Variable', 9),
(12, 7, 15.0, 'Variable', 8),
(13, 2, 15.0, 'Moderada', 8),
(13, 6, 18.0, 'Moderada', 7),
(18, 6, 40.0, 'Alta', 9),
(19, 6, 15.0, 'Moderada', 8),
(19, 8, 12.0, 'Moderada', 7),
(20, 2, 12.0, 'Variable', 7),
(23, 8, 25.0, 'Limitada', 8),
(27, 7, 15.0, 'Moderada', 7),
(29, 7, 12.0, 'Buena', 8),
(31, 7, 18.0, 'Alta', 7),
(33, 4, 1.8, 'Variable', 9),
(33, 8, 1.5, 'Variable', 9),
(34, 6, 0.8, 'Buena', 7),
(35, 5, 120.0, 'Buena', 8),
(36, 1, 25.0, 'Alta', 7);

-- Insertar datos en la tabla COSTOS
INSERT INTO costos (id_costo, id_cultivo, inversion_min, inversion_max, costo_operativo, precio_interno, precio_export, rentabilidad, fecha_actualizacion) VALUES
(1, 1, 3000000, 5000000, 2500000, 900, NULL, 15.00, '2025-01-15'),
(2, 2, 8000000, 12000000, 5000000, 1350, NULL, 18.00, '2025-01-15'),
(3, 3, 4000000, 6000000, 3000000, 1200, NULL, 10.00, '2025-01-15'),
(4, 4, 4000000, 6000000, 3000000, 1000, NULL, 8.00, '2025-01-15'),
(5, 5, 2500000, 4000000, 2000000, 800, NULL, 12.00, '2025-01-15'),
(6, 6, 5000000, 7000000, 3500000, 4500, 2.50, 25.00, '2025-01-15'),
(7, 7, 3500000, 5500000, 3000000, 2250, NULL, 20.00, '2025-01-15'),
(8, 8, 6000000, 9000000, 4000000, 1450, NULL, 12.00, '2025-01-15'),
(9, 9, 3000000, 5000000, 4000000, 2150, NULL, 22.00, '2025-01-15'),
(10, 10, 2500000, 4000000, 2000000, 3000, NULL, 15.00, '2025-01-15'),
(11, 11, 2500000, 4000000, 2000000, 4000, NULL, 10.00, '2025-01-15'),
(12, 12, 8000000, 12000000, 6000000, 1000, NULL, 25.00, '2025-01-15'),
(13, 13, 4000000, 6000000, 2000000, 600, 0.35, 30.00, '2025-01-15'),
(14, 14, 3500000, 5000000, 2500000, 1000, NULL, 18.00, '2025-01-15'),
(15, 15, 4000000, 6000000, 3000000, 1350, NULL, 22.00, '2025-01-15'),
(16, 16, 3500000, 5000000, 3000000, 1000, NULL, 15.00, '2025-01-15'),
(17, 17, 4000000, 6000000, 3000000, 4000, NULL, 12.00, '2025-01-15'),
(18, 18, 15000000, 25000000, 8000000, NULL, 8.00, 35.00, '2025-01-15'),
(19, 19, 8000000, 12000000, 5000000, 900, NULL, 20.00, '2025-01-15'),
(20, 20, 10000000, 15000000, 4000000, 1250, NULL, 25.00, '2025-01-15'),
(21, 21, 8000000, 12000000, 5000000, 1150, NULL, 30.00, '2025-01-15'),
(22, 22, 12000000, 18000000, 6000000, 1200, 0.42, 28.00, '2025-01-15'),
(23, 23, 12000000, 18000000, 5000000, 600, NULL, 15.00, '2025-01-15'),
(24, 24, 12000000, 18000000, 5000000, 1250, 1.00, 25.00, '2025-01-15'),
(25, 25, 15000000, 20000000, 8000000, NULL, 6.00, 35.00, '2025-01-15'),
(26, 26, 5000000, 8000000, 3000000, 2000, NULL, 12.00, '2025-01-15'),
(27, 27, 8000000, 12000000, 5000000, 1250, NULL, 20.00, '2025-01-15'),
(28, 28, 10000000, 15000000, 8000000, 2500, NULL, 18.00, '2025-01-15'),
(29, 29, 8000000, 12000000, 6000000, 1750, 2.50, 22.00, '2025-01-15'),
(30, 30, 15000000, 25000000, 10000000, 4500, 4.50, 30.00, '2025-01-15'),
(31, 31, 10000000, 15000000, 6000000, 2750, NULL, 28.00, '2025-01-15'),
(32, 32, 20000000, 30000000, 10000000, 20000, 5.50, 35.00, '2025-01-15'),
(33, 33, 15000000, 20000000, 8000000, 19000, 2.25, 25.00, '2025-01-15'),
(34, 34, 12000000, 18000000, 6000000, 8500, 3.00, 30.00, '2025-01-15'),
(35, 35, 20000000, 30000000, 10000000, NULL, NULL, 28.00, '2025-01-15'),
(36, 36, 25000000, 35000000, 12000000, NULL, NULL, 32.00, '2025-01-15');

-- Insertar datos en la tabla PLAGAS_ENFERMEDADES
INSERT INTO plagas_enfermedades (id_plaga, nombre, nombre_cientifico, tipo, descripcion, control, imagen) VALUES
(1, 'Gusano cogollero', 'Spodoptera frugiperda', 'Insecto', 'Larva que ataca principalmente el cogollo del maíz y otros cultivos.', 'Control biológico con Bacillus thuringiensis, control químico con insecticidas específicos.', 'gusano_cogollero.jpg'),
(2, 'Sogata', 'Tagosodes orizicolus', 'Insecto', 'Vector del virus de la hoja blanca en arroz.', 'Control químico preventivo, variedades resistentes.', 'sogata.jpg'),
(3, 'Roya del trigo', 'Puccinia graminis', 'Hongo', 'Enfermedad que afecta tallos y hojas del trigo.', 'Fungicidas sistémicos, variedades resistentes, rotación de cultivos.', 'roya_trigo.jpg'),
(4, 'Sigatoka negra', 'Mycosphaerella fijiensis', 'Hongo', 'Principal enfermedad foliar del banano.', 'Aplicación de fungicidas, deshoje sanitario, drenaje adecuado.', 'sigatoka.jpg'),
(5, 'Gota de la papa', 'Phytophthora infestans', 'Oomiceto', 'Enfermedad devastadora que afecta hojas, tallos y tubérculos de la papa.', 'Fungicidas preventivos y curativos, variedades resistentes, manejo de humedad.', 'gota_papa.jpg'),
(6, 'Broca del café', 'Hypothenemus hampei', 'Insecto', 'Pequeño escarabajo que ataca los frutos del café.', 'Control cultural (RE-RE), control biológico con Beauveria bassiana, trampas.', 'broca_cafe.jpg'),
(7, 'Moniliasis del cacao', 'Moniliophthora roreri', 'Hongo', 'Enfermedad que afecta los frutos del cacao.', 'Remoción de frutos enfermos, podas sanitarias, aplicación de fungicidas.', 'moniliasis.jpg'),
(8, 'Mosca de la fruta', 'Anastrepha spp.', 'Insecto', 'Plaga que afecta a diversos frutales.', 'Trampas con atrayentes, control químico, manejo de frutos caídos.', 'mosca_fruta.jpg'),
(9, 'Antracnosis', 'Colletotrichum spp.', 'Hongo', 'Enfermedad que afecta diversos cultivos, causando manchas en hojas y frutos.', 'Fungicidas protectantes y sistémicos, manejo de humedad.', 'antracnosis.jpg'),
(10, 'Trips', 'Frankliniella spp.', 'Insecto', 'Pequeños insectos que causan daños en flores y frutos.', 'Control biológico con ácaros depredadores, insecticidas específicos.', 'trips.jpg');

-- Insertar datos en la tabla CULTIVO_PLAGA
INSERT INTO cultivo_plaga (id_cultivo, id_plaga, severidad, frecuencia) VALUES
(1, 1, 'Alta', 'Común'),
(2, 2, 'Alta', 'Común'),
(3, 3, 'Media', 'Común'),
(12, 5, 'Alta', 'Común'),
(18, 4, 'Alta', 'Común'),
(19, 4, 'Media', 'Común'),
(20, 8, 'Media', 'Común'),
(23, 8, 'Media', 'Común'),
(24, 8, 'Media', 'Común'),
(27, 9, 'Media', 'Común'),
(28, 9, 'Alta', 'Común'),
(29, 9, 'Media', 'Común'),
(30, 10, 'Alta', 'Común'),
(31, 10, 'Media', 'Común'),
(33, 6, 'Alta', 'Común'),
(34, 7, 'Alta', 'Común');

-- Insertar datos en la tabla INSUMOS
INSERT INTO insumos (id_insumo, nombre, categoria, descripcion, unidad_medida, precio_promedio, fecha_actualizacion) VALUES
(1, 'Urea', 'Fertilizante', 'Fertilizante nitrogenado de alta concentración.', 'kg', 2500, '2025-01-15'),
(2, 'DAP', 'Fertilizante', 'Fosfato diamónico, fertilizante con alto contenido de fósforo.', 'kg', 3200, '2025-01-15'),
(3, 'KCl', 'Fertilizante', 'Cloruro de potasio, fertilizante potásico.', 'kg', 2800, '2025-01-15'),
(4, 'Triple 15', 'Fertilizante', 'Fertilizante compuesto NPK 15-15-15.', 'kg', 2900, '2025-01-15'),
(5, 'Cal dolomita', 'Enmienda', 'Enmienda para corregir acidez del suelo.', 'kg', 500, '2025-01-15'),
(6, 'Glifosato', 'Herbicida', 'Herbicida sistémico de amplio espectro.', 'l', 25000, '2025-01-15'),
(7, 'Paraquat', 'Herbicida', 'Herbicida de contacto.', 'l', 28000, '2025-01-15'),
(8, 'Cipermetrina', 'Insecticida', 'Insecticida piretroide de amplio espectro.', 'l', 35000, '2025-01-15'),
(9, 'Clorpirifos', 'Insecticida', 'Insecticida organofosforado.', 'l', 38000, '2025-01-15'),
(10, 'Mancozeb', 'Fungicida', 'Fungicida protectante de amplio espectro.', 'kg', 28000, '2025-01-15'),
(11, 'Benomil', 'Fungicida', 'Fungicida sistémico.', 'kg', 45000, '2025-01-15'),
(12, 'Semilla de maíz híbrido', 'Semilla', 'Semilla certificada de maíz híbrido.', 'kg', 35000, '2025-01-15'),
(13, 'Semilla de arroz certificada', 'Semilla', 'Semilla certificada de arroz.', 'kg', 4500, '2025-01-15'),
(14, 'Semilla de fríjol', 'Semilla', 'Semilla certificada de fríjol.', 'kg', 12000, '2025-01-15'),
(15, 'Tubérculo-semilla de papa', 'Semilla', 'Tubérculo-semilla certificado de papa.', 'kg', 3500, '2025-01-15');

-- Insertar datos en la tabla INSUMO_CULTIVO
INSERT INTO insumo_cultivo (id_insumo, id_cultivo, cantidad_por_ha, etapa_aplicacion, frecuencia) VALUES
(1, 1, 200, 'Crecimiento', 'Una vez'),
(2, 1, 100, 'Siembra', 'Una vez'),
(3, 1, 100, 'Crecimiento', 'Una vez'),
(4, 7, 300, 'Siembra', 'Una vez'),
(5, 12, 500, 'Preparación del suelo', 'Una vez'),
(6, 1, 3, 'Preparación del suelo', 'Una vez'),
(7, 2, 3, 'Preparación del suelo', 'Una vez'),
(8, 1, 0.5, 'Control de plagas', 'Según monitoreo'),
(9, 12, 1, 'Control de plagas', 'Según monitoreo'),
(10, 12, 2, 'Control de enfermedades', 'Cada 15 días'),
(11, 33, 0.5, 'Control de enfermedades', 'Según monitoreo'),
(12, 1, 20, 'Siembra', 'Una vez'),
(13, 2, 120, 'Siembra', 'Una vez'),
(14, 7, 80, 'Siembra', 'Una vez'),
(15, 12, 2000, 'Siembra', 'Una vez');

-- Insertar datos en la tabla PROVEEDORES
INSERT INTO proveedores (id_proveedor, nombre, tipo, contacto, ubicacion, sitio_web, telefono) VALUES
(1, 'Agroexport de Colombia', 'Distribuidor', 'Servicio al cliente', 'Bogotá, Colombia', 'https://www.agroexport.com.co', '6013112233'),
(2, 'Agroinsumos S.A.S', 'Distribuidor', 'Departamento comercial', 'Medellín, Colombia', 'https://agroinsumossa.com', '6044556677'),
(3, 'Halcón Colombia', 'Fabricante', 'Ventas', 'Cali, Colombia', 'https://halconcolombia.com', '6025556677'),
(4, 'DISAN Agro', 'Distribuidor', 'Atención al cliente', 'Bogotá, Colombia', 'https://www.disanagro.com', '6017778899'),
(5, 'Bayer Colombia', 'Fabricante', 'Servicio técnico', 'Bogotá, Colombia', 'https://www.agro.bayer.co', '6012223344');

-- Insertar datos en la tabla PROVEEDOR_INSUMO
INSERT INTO proveedor_insumo (id_proveedor, id_insumo, precio, disponibilidad) VALUES
(1, 1, 2400, 'Alta'),
(1, 2, 3100, 'Alta'),
(1, 3, 2700, 'Alta'),
(1, 4, 2800, 'Alta'),
(2, 1, 2450, 'Alta'),
(2, 5, 480, 'Alta'),
(2, 6, 24500, 'Alta'),
(3, 8, 34000, 'Alta'),
(3, 9, 37000, 'Alta'),
(3, 10, 27000, 'Alta'),
(4, 4, 2850, 'Alta'),
(4, 6, 24800, 'Alta'),
(4, 7, 27500, 'Alta'),
(5, 8, 34500, 'Alta'),
(5, 10, 27500, 'Alta'),
(5, 11, 44000, 'Alta');

-- Insertar datos en la tabla TECNICAS
INSERT INTO tecnicas (id_tecnica, nombre, categoria, descripcion, dificultad, beneficios) VALUES
(1, 'Labranza mínima', 'Preparación del suelo', 'Técnica que minimiza la perturbación del suelo, manteniendo cobertura vegetal.', 'Media', 'Reduce erosión, conserva humedad, mejora estructura del suelo.'),
(2, 'Riego por goteo', 'Riego', 'Sistema de riego localizado que aplica agua directamente a la zona radicular.', 'Media', 'Ahorro de agua, mayor eficiencia, reduce enfermedades foliares.'),
(3, 'Control biológico', 'Control de plagas', 'Uso de enemigos naturales para controlar plagas.', 'Alta', 'Reduce uso de químicos, sostenible, menor impacto ambiental.'),
(4, 'Rotación de cultivos', 'Manejo agronómico', 'Alternancia de diferentes cultivos en la misma área.', 'Baja', 'Mejora fertilidad del suelo, reduce plagas y enfermedades.'),
(5, 'Asociación de cultivos', 'Manejo agronómico', 'Siembra simultánea de diferentes especies compatibles.', 'Media', 'Optimiza uso del espacio, reduce plagas, diversifica producción.'),
(6, 'Fertilización fraccionada', 'Nutrición', 'Aplicación de fertilizantes en varias dosis durante el ciclo.', 'Media', 'Mayor eficiencia, reduce pérdidas por lixiviación.'),
(7, 'Manejo integrado de plagas', 'Control de plagas', 'Estrategia que combina diferentes métodos de control.', 'Alta', 'Reduce uso de químicos, más sostenible, control más efectivo.'),
(8, 'Cosecha escalonada', 'Cosecha', 'Recolección en diferentes momentos según madurez.', 'Media', 'Optimiza calidad, extiende período de comercialización.'),
(9, 'Agricultura de precisión', 'Tecnología', 'Uso de tecnologías para optimizar insumos según variabilidad espacial.', 'Alta', 'Optimiza recursos, reduce costos, aumenta eficiencia.'),
(10, 'Compostaje', 'Manejo de residuos', 'Transformación de residuos orgánicos en abono.', 'Baja', 'Reduce costos de fertilización, mejora suelo, manejo sostenible de residuos.');

-- Insertar datos en la tabla TECNICA_CULTIVO
INSERT INTO tecnica_cultivo (id_tecnica, id_cultivo, importancia, etapa_aplicacion) VALUES
(1, 1, 'Recomendada', 'Preparación'),
(1, 7, 'Recomendada', 'Preparación'),
(2, 18, 'Esencial', 'Todo el ciclo'),
(2, 22, 'Esencial', 'Todo el ciclo'),
(3, 33, 'Recomendada', 'Control de plagas'),
(3, 34, 'Recomendada', 'Control de plagas'),
(4, 1, 'Recomendada', 'Planificación'),
(4, 7, 'Esencial', 'Planificación'),
(5, 7, 'Recomendada', 'Siembra'),
(5, 1, 'Opcional', 'Siembra'),
(6, 12, 'Esencial', 'Desarrollo'),
(6, 18, 'Esencial', 'Desarrollo'),
(7, 12, 'Esencial', 'Todo el ciclo'),
(7, 33, 'Esencial', 'Todo el ciclo'),
(8, 27, 'Recomendada', 'Cosecha'),
(8, 29, 'Esencial', 'Cosecha'),
(9, 36, 'Recomendada', 'Todo el ciclo'),
(9, 35, 'Recomendada', 'Todo el ciclo'),
(10, 33, 'Recomendada', 'Manejo de residuos'),
(10, 34, 'Recomendada', 'Manejo de residuos');

-- Insertar datos en la tabla CERTIFICACIONES
INSERT INTO certificaciones (id_certificacion, nombre, entidad, requisitos, beneficios, duracion) VALUES
(1, 'GlobalG.A.P.', 'GlobalG.A.P.', 'Cumplimiento de buenas prácticas agrícolas, trazabilidad, manejo de residuos.', 'Acceso a mercados internacionales, diferenciación, mejores precios.', '1 año'),
(2, 'Orgánica', 'Varias certificadoras', 'No uso de químicos sintéticos, manejo sostenible, período de transición.', 'Acceso a mercados especializados, premium de precio, sostenibilidad.', '1 año'),
(3, 'Rainforest Alliance', 'Rainforest Alliance', 'Conservación de biodiversidad, condiciones laborales justas, manejo sostenible.', 'Diferenciación, acceso a mercados especializados, sostenibilidad.', '3 años'),
(4, 'Fairtrade', 'Fairtrade International', 'Precio justo, condiciones laborales adecuadas, desarrollo comunitario.', 'Precio mínimo garantizado, prima social, relaciones comerciales estables.', '3 años'),
(5, 'Denominación de Origen', 'SIC Colombia', 'Producción en zona geográfica específica, características únicas, tradición.', 'Diferenciación, protección legal, valor agregado.', 'Indefinida');

-- Insertar datos en la tabla CULTIVO_CERTIFICACION
INSERT INTO cultivo_certificacion (id_cultivo, id_certificacion, mercado_objetivo, premium_precio) VALUES
(18, 1, 'Europa, Estados Unidos', 10.00),
(18, 3, 'Europa', 15.00),
(18, 4, 'Europa', 20.00),
(22, 1, 'Europa, Estados Unidos', 12.00),
(24, 1, 'Europa', 15.00),
(25, 1, 'Europa', 20.00),
(31, 1, 'Europa', 25.00),
(33, 2, 'Europa, Estados Unidos, Japón', 30.00),
(33, 3, 'Europa, Estados Unidos', 15.00),
(33, 4, 'Europa, Estados Unidos', 20.00),
(33, 5, 'Global', 25.00),
(34, 2, 'Europa, Estados Unidos', 25.00),
(34, 3, 'Europa, Estados Unidos', 15.00),
(34, 4, 'Europa, Estados Unidos', 20.00);
